10,
 Serum No. 5 ; Serum No5; Serum no 5,http://serumno5.com
100% Pure,https://www.nourishedlife.com.au/natural-nail-polish/
17 ; Seventeen ,http://seventeencosmetics.com/en/colour/nails/
2true,http://www.2truecosmetics.com/nail-polish/
3 Concept Eyes ; 3CE,www.facebook.com/3concepteyescosmetics/
7&A,
–ì—É—Ä–º–∞–Ω–¥–∏–∑,http://shop.rivegauche.ru/store/ru/%D0%A2%D0%B8%D0%BF%D1%8B-%D1%82%D0%BE%D0%B2%D0%B0%D1%80%D0%BE%D0%B2/%D0%94%D0%B5%D0%BA%D0%BE%D1%80%D0%B0%D1%82%D0%B8%D0%B2%D0%BD%D0%B0%D1%8F-%D0%BA%D0%BE%D1%81%D0%BC%D0%B5%D1%82%D0%B8%D0%BA%D0%B0/%D0%93%D1%83%D1%80%D0%BC%D0%B0%D0%BD%D0%B4%D0%B8%D0%B7-Nail-Polish-%D0%9B%D0%B0%D0%BA-%D0%B4%D0%BB%D1%8F-%D0%BD%D0%BE%D0%B3%D1%82%D0%B5%D0%B9/p/765008
–ó–≤–µ–∑–¥–Ω—ã–π –¥–æ–∂–¥—å,
–õ`–≠—Ç—É–∞–ª—å;  L'etoile,http://www.letu.ru/makiyazh/dlya-nogtei/lak
–ù–æ–≤–∞—è –∑–∞—Ä—è; Nouvelle Etoile,http://novzar.ru/shop/lakydlianogtei
–†—É—Ç–∞,http://www.art-visage.ru/brands/art-visage
–¢—Ä–∏ –∫–∏—Ç–∞,http://kit003.ru/catalog/?q=%EB%E0%EA+%F0%FB%E1%EE%EB%EE%E2%ED%FB%E9
A Beautiful Life ; ABL,http://www.abeautifullife.com/abl_nails.html
"A Perfect ""10""; a perfect 10",
A-England,http://www.a-england.co.uk
a-sun,
a‚Ä¢dorn,http://adornnails.com
Above the Curve,https://www.facebook.com/AboveTheCurveNailPolish/
Absolute New York,http://www.absolutenyproducts.com/productlist.aspx?type=7
Accessorize,http://uk.accessorize.com/uk/beauty/nails#pageSize=12&sort=bestSeller&category=acc_26.1&filtersClosed=true
Acquarella,http://acquarella.com
Aden Cosmetics,http://www.adencosmetics.com
Adoree,https://www.facebook.com/AdoreePolish
ados,"http://www.ados.pl/produkty/223,lautrec-paznokcie.html"
agn√®s b.,
AILA,http://loveaila.com
Alanna Renee ; AR,https://www.facebook.com/alannareneeofficial/
Alchemy Lacquers,https://www.facebook.com/AlchemyLacquers/
ALDO,
alessandro,www.alessandro-international.com
ALIQUID Lacquer,http://shop.aliquidlacquer.com
Alix Avien Paris,http://www.alixavien.com/tirnak.html
all for eve,http://www.allforeve.co.uk
all that glitters,
Alter Ego,
Alvin d'or,http://www.lcosmetic.ru/catalog/
Aly's Dream Polish,https://www.facebook.com/AlysDreamPolish
American Apparel,
Anafeli Paris,http://www.anafeli-paris.com/content/index.php?tab=1&lang=en#teintmenu
Anchor Fields,http://www.anchor-fields.ru
andreia,andreiaprofessional.com
Angel prism,http://platinum-laki.ru/?page=catalog&pid=600
angelica,http://www.angelicanails.co.uk
Angry Birds ; lumene,www.lumene.com
Anise,anisecosmetics.com
Anna Andre Paris,http://www.annaandre.com/default.asp
Anna Sui,http://www.annasui.com/en/#/nailcolors
ANNY,www.anny-cosmetics.de
Anonymous Lacquer,https://www.facebook.com/anonymouslacquer/
Ansi,
Appeal4,http://www.appeal4.dk
Aqmore,https://www.facebook.com/aqmoremsia/
Arcane Lacquer,http://www.arcanelacquer.com
Ardene ; ACO,http://www.ardene.com/en/accessories/beauty.html
Arissa,http://www.arissastudios.com/NAILS-_3-4-.htm
Art Club ; color club,http://www.nailpolishaustralia.com/categories/art-club.html
Art de Lautrec,
Art-visage ; –ê—Ä—Ç-–≤–∏–∑–∞–∂,http://www.art-visage.ru/brands/art-visage
ARTDECO,www.artdeco.com
ARTISTRY ; Amway,https://www.amway.co.uk/beauty/make-up/nails?#.VkHKc0L5OWw
Artmatic,https://www.amcosmetics.com
ASK nailwear,http://askcosmetics.com
ASOS paint pots ; Ciat√© Paint Pots,http://www.asos.com/women/beauty/nails/cat/pgecategory.aspx?cid=5607&CTARef=shop|beauty|cat|nails
Astor,http://www.astorcosmetics.com/products/nails
Attitude; Star Nails,
Aura,http://www.aura.co.rs/proizvodi/nokti.html/
Aurelia,http://www.aurelia-laki.ru
Australis,http://www.australiscosmetics.com.au/nails
Avant Garde,https://www.facebook.com/media/set/?set=a.585580238174461.1073741843.340811969317957&type=3
Avon,https://my.avon.ru
Avril,http://www.avril-organic.com/37-natural-vegan-nail-polish
AZATURE,http://www.azature.com
B ; Brash,
b collection by Bloom,http://www.bloomcosmetics.com/store-b-collection/
B.; B. Quick,https://www.facebook.com/bisforbeautiful
b.i.t.c.h. By Jaclyn ; bitch by jaclyn,https://www.storenvy.com/stores/150348-b-i-t-c-h-by-jaclyn
B.O,
b.pretty,http://www.bipa.at/b.pretty
B.U,
Babor,www.babor.com
Bad Apple Cosmetics,https://www.facebook.com/badapplecosmetics/
Balmain,
Banila co.,http://www.banilaco.com/product/productList.do?prodVo.category=1006
Barbara Daly; bd,http://www.tesco.com/direct/bd-nails.event?sortBy=1&icid=bd_trade_slot4
Barielle,http://www.barielle.com/
Barry M,https://www.barrym.com/shop/Nails
BB Couture,http://www.bbnailpolish.com/
Bear Pawlish,https://www.facebook.com/BearPawlish/
Beautifully Sisney,http://www.disneystore.com/marketplace-co-op-collection/beautifully-disney-collection/mn/1018402/
Beautistyle,https://www.facebook.com/Beautistyle-Cosmetics-171070506380469
beauty for real ; bfr,http://www.beautyforreal.com/
beauty uk ;Glam Nails,http://www.beautyukcosmetics.com/
Beauty Without Cruelty ; BWC,http://www.beautywithoutcruelty.com/
Becca,http://www.beccacosmetics.com/
Bell,http://www.bell.com.pl/en/products/subcategory/nail-polish/
Bella Belle,https://www.facebook.com/BellaBelleNailCouture
Belweder,
benecos,http://www.benecos.eu/products-2/happy-nails?lang=en
Bernadette Thompson,http://www.bernadettethompson.com/
Bernhard Willhelm,http://www.bernhardwillhelm.com/shops/
Bettina Liano,http://www.bloomcosmetics.com/store-collaborations/Collaborations/bettina-liano.phps
Bettina.,
Beyond the Nail,http://www.beyondthenail.com
BeYu,http://www.beyu.net/cosmetics/nails/
Bgirl,
BH Cosmetics,
Biguine Paris,https://www.biguine.com/nails-tendances/
Billie Cosmetics,
Bio Sculpture Gel,http://www.biosculpturegel.com/Colors.aspx
BK Deluxe,
Black Cat,http://www.blackcatlacquer.com/category/nail-polish
Black Phoenix Alchemy Lab,https://blackphoenixtradingpost.com/claws.html
Blackheart,http://www.blackheartlingerie.com/blackheart/Accessories/ShopbyStyle/Beauty/NailPolish.jsp
Blant Colors,http://blantcolors.com.br/blant-colors
Blaze,
Bliss Polish,http://www.blisspolish.com
bliss; genius,https://www.blissworld.com/bliss-product/shop/nail-care-and-polish-8196
Bloom,http://www.bloomcosmetics.com/store-nails/nail-polish/all-nail-polishes.php
bloop,http://bloop-bloop.com/product/48/bloop-Nail-Polish.html
Bloop de Paris,http://bloopdeparis.blogspot.ru/
Blue Cross,
Blue Eyed Girl ,https://www.facebook.com/blueeyedgirllacquer/
Bluesky,http://www.blueskynails.com/
Bo-Po,http://bo-po.com/
Bobbi Brown,http://www.bobbibrowncosmetics.com/products/9298/Makeup/Nail-Polish/Nails
Body Language,http://www.masterthelook.com/nail-polish/
Boggi Milano,
Bon Bons,http://www.walmart.com/ip/Bonbons-Nail-Enamel-8100-Solid-Light-Pink-0.125-fl-oz/11996612?action=product_interest&action_type=title&item_id=11996612&placement_id=irs-8-b1&strategy=PWVAV&visitor_id=WjFmilg1AgQtF4OzymWxnY&category=&client_guid=b5c701ec-90c5-4033-8319-3dc77b3b9c5e&customer_id_enc=&config_id=8&parent_item_id=11996612&parent_anchor_item_id=11996612&guid=c9e7ec87-3d66-40df-8899-d4e6e5f48447&bucket_id=irsbucketdefault&beacon_version=1.0.1&findingMethod=p13n
Bondi New York,http://www.bondinowyork.com/
bonita,http://www.bonitacolors.com/
Bonne Bell,http://www.bonnebell.com/products-naillacquer.php
Bootie Babe,http://bootiebabe.com/
BOPai,
Borghese,http://www.borghese.com/
Bourjois,http://www.bourjois.co.uk/catalog/make_up/nails
BOW,http://bowpolish.com/en/
BP.,
Brigitte Bottier,http://eurotrade-group.ru/products-page/brigitte-bottier
Brucci,http://www.brucci.co.za/#
BSJ,
Built with Volusion.,
Burberry,https://us.burberry.com/nail-polish/
Butter London,http://www.butterlondon.com/Lacquers/
By Dany Vianna,https://pt-br.facebook.com/bydanyvianna/
By Terry; Terrybly,http://www.barneys.com/by-terry-terrybly-nail-lacquer-00505011099178.html
BYS,http://www.bys.com.au/fashion-accessories/nails.aspx
Cadillacquer,https://www.facebook.com/Cadillacquer/
Calvin Klein,
Cameo Colours ,http://www.cameocolourslacquers.com
Cameo Girl,
Candeo,http://www.candeocolors.com
Candy Lacquer,http://candylacquer.bigcartel.com
Candy Moyo,http://candymoyo.com
Canmake,http://www.canmake.com/en/enail/index.html
Capricho,http://capricho.abril.com.br/vitrine/esmaltes/
Caption; Young Nails,http://youngnails.com/products-c91-Caption_Nail_Polish.aspx
Carlo Di Roma,
Carolyn New York,
Carolyn.K London ,http://www.carolynk.com
Carpe Noctem Cosmetics,https://www.facebook.com/Carpenoctemcosmetics/
Cary Mayson,http://eurotrade-group.ru/products-page/cary-mayson
Cate Ruby,http://www.cateruby.com.au
Catherine Arley,http://www.alfar.com.tr/alfar/elite/tirnak/oje-114
Catrice,http://www.catrice.eu/products/nails.html
CCO,http://www.nailcocome.com
Celestial Cosmetics,http://www.celestialcosmetics.com.au
Cetuem London,https://www.cetuem.com/category_s/2026.htm
CH Nail,
Chambor Geneva,http://chambor.com/nails.asp
CHANEL,http://www.chanel.com/en_US/fragrance-beauty/Nails-139592
Chaos & Crocodiles,http://www.chaosandcrocodiles.com
Charlotte Russe,
Chatte Noire,http://www.chattenoire.ru/products.phtml?line=2
Cheeky Monkey Cosmetics,http://www.cheekymonkeycosmetics.com
Chelsea,
Chemistry,
Ch√©rie ma Ch√©rie ,http://vk.com/club25805268
Cherimoya,
Chi,
Chi Chi Australia,http://www.chichicosmetics.com/nails
CHIC CHOC,http://chicchoc.com.tw/en/product.aspx?kind2=21&num=120
Chick,https://twitter.com/chicknailpolish
Chimera,https://www.facebook.com/Chimera-Nail-Polish-Colours-to-Cater-246818662389/
china glaze,http://chinaglaze.com/
Christian Dior,http://www.dior.com/beauty/en_us/fragrance-and-beauty/makeup/nails/nail-lacquers/fr-naillacquers-nail-lacquers.html
Christian Louboutin,http://us.christianlouboutin.com/us_en/shop-online-3/beauty/nails.html
Christina Fitzgerald,www.facebook.com/ChristinaFitzgeraldRussia
Chrome Girl,http://chromegirl.com
Ciat√© London,www.ciatelondon.com
Cirque,http://www.cirquecolors.com/home/
City Color,http://www.makeup.uk.com/bcity-color-nail-polish---only-200b-146-c.asp
Claire's,http://www.claires.co.uk/beauty-nails/style/fcp-category/list?resetFilters=true
Clarins,
Classics,http://www.classics.com.tr/en/category/18/nails-nail-lacquer
Claudia Rovelli,
Cl√© de Peau Beaut√©; Cle de Peau Beaute ,http://www.cledepeau-beaute.com
Clich√©,http://cliche.com.pt/loja/
Clinique,http://www.clinique.com
CM ; Color Madnic,http://www.sleekhair.com/cm-nail-art-color-madnic.html
Coffret D'Or ,http://www.kanebo-cosmetics.jp/coffretdor/
Collection ; Work the Colour,http://www.boots.com/en/Collection-Work-The-Colour/Nail-Polish/
Collistar,http://www.collistar.it/trucco/smalti.html
Color Alike,http://colouralike.com
color club,http://www.colorclub.com
Color Paw,http://www.amazon.com/Top-Performance-Color-Paw/b/ref=bl_dp_s_web_9344549011?ie=UTF8&node=9344549011&field-lbr_brands_browse-bin=Top+Performance+Color+Paw
Color Secrets,http://www.colorsecretspro.com/nails/nail-lacquer/nail-lacquer.html
Color Studio Professional,http://www.colorstudiomakeup.com/pages/nails
Colorbar USA,http://www.colorbarcosmetics.com/Nails-Online-Makeup-
ColoriST by Frenchi,
Colors by Llarowe ;  CbL,http://www.llarowe.com/shop-all/colors-by-llarowe.html?limit=all
Colour Prevails,http://colourprevails.com/nails/
Complot,http://www.complot.com.ar/eshop/outlet/accesorios/esmaltes.html
Confetti,http://www.confetticosmetics.com/wear.php
Constance Carroll ; CC UK,
Contrary Polish,http://www.contrarypolish.com
Coral ; Delia Cosmetics,"http://www.delia.pl/en/products/nails/nail-enamels,40"
Coral Colours,
coral island,
Cosmay,https://www.facebook.com/Cosmay-Nail-Polish-152109094947554/
Cosmetic Arts,http://www.alibaba.com/showroom/cosmetic-arts-nail-polish.html
Cosmetica Fanatica,http://www.cosmetica-fanatica.net
covergirl ; CG,http://www.covergirl.com/beauty-products/nail-products
CQ,http://nouveaucheap.blogspot.ru/2013/06/scherer-makers-of-cq-petites-and.html
CR Cairuo,
Crabtree & Evelyn ; C&E,http://www.crabtree-evelyn.com/hand-care/nail-care/
Crayola ; Fing'rs Crayola,http://www.walmart.com/ip/Fing-rs-Crayola-Scented-Nail-Polish-0.20-fl-oz-5-count/20631687
Creative Nail Design ; cnd,http://www.cnd.com
CrowsToes,https://www.facebook.com/CrowsToesNailColor/
Cuccio,http://www.cuccio.com/index.php?main_page=index&cPath=27_30&zenid=ao5lniul8aan4j9fbscre15sh4
Cuinong,
Cult,https://www.cultcosmetics.com/t/category/nail-polish
Cult Nails,http://www.harlowandco.org/collections/cult-nails
Cupcake Polish,https://www.facebook.com/CupcakePolish
Curtsy & Bow,https://www.facebook.com/acurtsyandabow
Cutex,http://www.cutex.com
Dailus Color,https://dailuscolor.wordpress.com/category/esmalte/
Daily Hues,https://www.instagram.com/dailyhuesnaillacquer/
Daily Lacquer,https://www.facebook.com/TheDailyLacquerista/
Daisy,http://www.nailandspadirect.com/shop/Polish-Lacquer-Daisy-Nail-Polish/c73_105
Dance Legend,http://dlegend.ru
Dandy Nails,https://www.facebook.com/dandynailspolish
daniPro,https://danipronails.com
Daphine Polish,https://www.facebook.com/DaphinePolish/
Dare to Wear,http://www.lechatnails.com/d2colorkits.htm
Daria,http://dariasnails.com/nail-polishes/
Daring Digits,https://www.etsy.com/shop/DaringDigits
Dark Blue Cosmetic ; db,http://dbcosmetic.ru
Dark Metal Lacquer,https://www.facebook.com/Dark-Metal-Lacquer-659404830774648/
Darling Diva,http://www.darlingdivapolish.bigcartel.com
dart tina angel,
Dashing Diva,http://www.dashingdiva.com/DashingDivaStore/t-home.aspx
Dazzle Dry‚Ñ¢,http://dazzledry.com
DD'ell,http://en.ddell.kr/products/nail-polish/75/
Deadset Babes,http://thesuperradnailsisters.bigcartel.com/product/dead-set-babes-nail-polish
Debby,http://www.debbyexperience.com/en/makeup/colorplay
Deborah Lippmann,http://www.deborahlippmann.com
Deborah Milano,http://www.deborahmilano.co.uk/deborah-milano/nails
Deep Cover Nail System ; DC,https://deepcoversystems.com
Defi,
Del Sol,http://www.delsol.com/nails/nail-polish.html
Delia Cosmetics,"http://www.delia.pl/en/products/nails/nail-enamels,40"
dELiA*s,http://www.deliasclothing.com/product/nail+polish+400616.do?green=6D37CDE2-3D11-5DBA-90BB-9289CCD8CD2E
Delush Polish,http://www.delushpolish.com
Delux Beauty,
Demini,http://www.demini.ru/cosmetics/products/3/
Depend ; 7day,http://www.dependcosmetic.com/product-category/nails/nail-polish/
Dermelect ; Me,http://dermelect.com/ALLofME/
Designer Brands ; DB,http://www.dbcosmetics.com.au/makeup/nails/nail-polish
Destined,
Diamond Cosmetics,http://www.diamondcosmetics.com
Different Dimension,https://www.facebook.com/DIFdimension
Digital Nails,https://www.facebook.com/DigitalNails
dip,
Divage,http://www.divage.eu/en/catalog/nails/polish/24/
Doctor Lacquer,https://www.facebook.com/doctorlacquer
dodo club,
Dolce Riva,
Dolce&Gabbana,http://www.dolcegabbana.com/beauty/makeup/nails-products/nail-laquer/
Dollish Polish,http://dollishpolish.bigcartel.com
DongDong,
Down the Bayou Lacquer,http://downthebayoulacquer.blogspot.ru
Dr.'s REMEDY,http://www.remedynails.com
Duality,http://www.dualitycosmetics.com
duri,https://duri.com/product-category/nail-polish/
e.l.f.,http://www.elfcosmetics.com/p/nail-polish
Eat. Sleep. Polish.,http://eatsleeppolish.com
Echoes,http://www.echoespolish.com
Ego,
Eido,
El Coraz√≥n,http://elcorazon.ru
Elemental Styles,
ELES,http://www.elescosmetics.com/boutique/eles-mineral-makeup-nail-products.html
Elevation Polish,http://elevationpolish.bigcartel.com/
elianto,
Elite,http://www.alfar.com.tr/alfar/elite/tirnak/oje-114
Elizabeth Arden New York,"http://www.elizabetharden.com/Beautiful-Color-High-Gloss-Nail-Lacquer/10029916CW0040,default,pd.html?dwvar_10029916CW0040_color=99140&start=22&cgid=ipsy"
Elizabeth Taylor,
Elizabeth; Moonbasa,http://www.zuolixing.com/te_photo_h/2014-11-26/6366.chtml
ella + mila,http://www.ellamila.com
elle,
Elle 18; nail pops,http://www.elle18.in/products/nail-colour-polish-design
Ellen Gold,
Emily de Molly,http://www.emilydemolly.com.au/
Enchanted Polish,http://www.enchantedpolish.com/
endota spa,https://endotaspa.com.au/products/search?category=97
EP Polish,http://eppolishcompany.bigcartel.com/
essence,http://www.essence.eu/products/nails/
essie,http://www.essie.com/
Est√©e Lauder,http://www.esteelauder.com/product/631/13562/Product-Catalog/Makeup/Pure-Color/Nail-Lacquer
Estessimo TiNS ; takara,http://nail.takarabelmont.co.jp/tins/
Eternal Basic; EB,http://www.dear-laura.com/jp/eternal/index.html
Ethereal Lacquer,
Ethnicia Paris,http://www.doobop.com/ethnicia
√©toile,https://www.facebook.com/etoilepolish
Etos,http://www.etos.nl/beauty
Etude House,http://www.etudehouse.com/index.php/nail.html
Eva Mosaic,http://www.eva-mosaic.ru/o-marke
eve snow London,https://evesnow.com/
Eveline Cosmetics,https://www.eveline.eu/
Ever After Polish,https://www.facebook.com/everafterpolish
Exposed,https://www.exposedcosmetics.com
Eye Candy London,https://www.facebook.com/eyecandylondon/
Eye Care Cosmetics,https://www.eyecare.fr/en/19-nail-make-up
Eyeko,
EzFlow,http://www.ezflow.com/
F.U.N Lacquer; fun lacquer,http://www.funlacquer.com
F&F,http://www.tesco.com/direct/ff-why-oh-why-nail-polish/619-7634.prd
Faberlic,http://shop.faberlic.com/en/component/catalog/?view=listgoods&idcategory=1000180022424
face of australia,http://www.faceofaustralia.com.au/catalog/nails
FACE Stockholm,https://www.facestockholm.com/search.asp?mode=type&typeid=15
Fair Maiden Polish; fm,http://fairmaidenpolish.com
Fandom Cosmetics,https://www.instagram.com/fandomcosmetics/
Fantasy Makers by Wet n Wild,
Farmasi,http://www.farmasi.com.tr/en/scategory/24/nail-enamel/
Farmec,
Femme Fatale,https://www.facebook.com/Femme.Fatale.Cosmetics.Australia/
femme fatele lacquer,
Fennel,http://vk.com/fennelcosmetics
Ferity,
Filthy Gorgeous London ,
Fina Flor,http://www.finaflor.com.br/linha-classicos-esmaltes-fina-flor/
Fing'rs,http://www.fingrs.com/
FingerPaints,https://www.facebook.com/fingerpaintsnailcolor/
Fiore RX,http://www.fiorerx.com/products.html
Flormar,http://www.flormar.com/
Floss Gloss,http://flossgloss.com
Flower,http://flowerbeauty.com/nail/
Flower by Honeypot,http://thesaracen.com/goods/189368/%ED%94%8C%EB%9D%BC%EC%9B%8C-%EB%B0%94%EC%9D%B4-%ED%97%88%EB%8B%88%ED%8C%9F-%ED%8F%B4%EB%A6%AC%EC%89%AC-4P02
FNUG,http://fnug.com/
Forever 21,http://www.forever21.com/Product/Category.aspx?category=acc_beauty-nails
Formula X,http://www.sephora.com/formula-x
Foxy Paws,http://www.foxypawspolish.com/
Freakshow Polish,
Freckles Polish,https://www.facebook.com/frecklespolish/
Frenchi,http://frenchiproducts.z33z.ru/catalog/lak-dlya-nogtey/
Fresh Paint,http://www.fivebelow.com/fresh-paint-nail-polish-treatments.html
funky fingers,http://www.fivebelow.com/funky-fingersr-solar-color-changing-polish.html
G.Couture,
G'sang,https://www.facebook.com/gsangbeauty/?fref=nf
GA-DE,https://www.gadecosmetics.com/makeup/nails/nail-polish
Gabriel,http://gabrielcosmeticsinc.com/product-category/nails/
Gabrini,http://www.gabrini.com/en/collection/nails/
Gap,
George,"http://direct.asda.com/george/women/make-up/D1M16G1C2,default,sc.html"
GG Couture,http://www.ggcouturenails.com/
Gina Tricot,http://www.ginatricot.com/ceu/en/collection/cosmetics-make-up/ccollection-cbeauty-p1.html
Ginger Polish,http://www.nailshop.info/o-brende-ginger-polish
Ginger+Liz,http://www.gingerandliz.com/
Giordani Gold ;Oriflame,http://ie.oriflame.com/products/product?code=32261
Girl Stuff,https://www.facebook.com/GirlstuffForever/
Girly Bits,http://www.girlybitscosmetics.com/
Givenchy,http://www.givenchybeauty.com/en/make-up/le-vernis
Glam Polish,http://www.glampolish.com.au/
Glisten & Glow; HK Girl,https://www.facebook.com/GlistenandGlow/
Glitter Gal;GGal;g gal,http://www.glittergal.com.au/
GlitterBunny; glitter bunny,https://www.facebook.com/glitterbunnypolish
GlitterDaze; glitter daze,http://shopglitterdaze.com/
Glittering Elements,http://www.norwaynails.com/collections/glittering-elements
Glitzkrieg war paint,https://www.facebook.com/glitzkriegwarpaint/
Glo Baby Glo!,
Gloss 'n Sparkle,http://www.glossnsparkle.net/
Gold by Giles; New Look,
Golden Rose; GR,http://www.goldenrose.com.tr/en/category/22/nails-nail-lacquer
Goldie,
Goodmark,
GOSH COPENHAGEN,http://www.goshcopenhagen.com/uk/makeup/nails/nail-lacquer-3092.html
Gothic Gala Lacquers,http://www.gothicgalalacquers.com
Grace-full,https://www.facebook.com/gracefullnailpolish/
Granado,https://www.granado.com.br/loja/categoria/unha
Guerlain,http://www.guerlain.com/int/en-int/makeup/nails
Gunpowder Lacquer,http://www.gunpowderlacquer.com
Guppy,https://www.facebook.com/Guppy-Nail-Colors-138068519580707/
H&M,http://www2.hm.com/en_gb/ladies/shop-by-product/beauty/nails.html
Happy Hands,https://www.facebook.com/HappyHandsNailPolish/
Hard Candy,http://www.hardcandy.com/beauty/nails/
HARE polish,http://www.harepolish.com/
Haute,http://www.hautepolish.com/
Hedy's; Ma.Nish.Ma.,
helen black ; HB,
Helen √â,https://www.helen-e.com/cosmetics/nails.htm
Helena Rubinstein; HR,http://www.helenarubinstein.com/int/
Hello Darling,https://www.facebook.com/hellodarling/
Hello Kitty,
HEMA,http://www.hemashop.com/gb/shop/beauty/make-up/nail-polish
HIPP x RGB; jenna hipp,http://www.jennahipp.com/hippxrgb
Hits Speciallit√†; Hits speciallita,https://speciallita.com.br/S3/
HJ Manicure,http://hjmanicure.com/
Holika Holika,http://www.holikaholika.co.kr/FrontStore/iStartPage.phtml
Hollish,https://www.etsy.com/shop/HollishNails
Honeybee Gardens,http://honeybeegardens.com/watercolors-nail-enamel/
Hong Nuo,
Hopscotch Kids,http://www.hopscotchkids.com/
Hot Ticket; the balm,http://www.thebalm.com/hot-ticket-nail-polish.html
Hot Topic,http://www.hottopic.com/accessories/makeup/nails/
Hungry Asian,https://www.facebook.com/HungryAsian/
I'm Yours,
ibd,http://www.ibdbeauty.com/
Ice Polish,https://www.etsy.com/shop/IcePolish
Icing,http://www.icing.com/us/categories/style/beauty-nails/list
IDUN Minerals,https://idunminerals.com/en/product-category/nail-en?v=f9308c5d0596
Il √©tait un vernis; il etait un vernis,http://iletaitunvernis.com
Illamasqua,http://www.illamasqua.com/shop/nails/
ILNP; I‚ù§NP; I love nail polish,http://www.ilnp.com/
Impala; mundial,http://mundialimpala.com/
In The Mood,http://themoodpolish.com/
Incoco,http://www.incoco.com/
inColor; jordana,http://www.jordanacosmetics.com/c-30-nail-polish.aspx
Indie Polish,http://www.myindiepolish.com
Indigo,"https://indigohomespa.com/en,nails,nail-polish.html"
Indigo Bananas,http://www.indigobananas.com/
Inglot,http://inglotcosmetics.com/nails/products/141
Ingrid Cosmetics,https://www.facebook.com/INGRIDcosmetics-218984888281808/
INM,http://inmnails.com/
Innisfree,https://www.innisfreeworld.com/
Innovation,
Innoxa,https://www.innoxa.com.au/category/cosmetics/nails
Invogue,http://nailpolish.co.uk/collections/invogue
iq cosmetics,
Irisk,http://www.irisk-store.ru/catalog/6399/
Isabelle Dupont,http://www.isabelledupont.eu/Eng/Default.asp?Page=604
IsaDora,http://www.isadora.com/global/products/
Island Girl,http://www.abcstores.com/bath-and-body/island-girl-cosmetics
it Girl,http://kaganail.en.alibaba.com/product/1836712770-222115985/Gel_polish_Gel_nail_color_Gel_lacquer_.html
It's So Easy,http://www.itssoeasynails.com/products.php?cat_id=1&sub_id=8
J.Cat Beauty,http://jcatbeauty.com/nail-and-hair/nail
Jacava,http://www.jacava.com
Jack Wills,
JACOB,http://www.jacob.ca
JADE,https://pt-br.facebook.com/esmaltejade
JAFRA,https://www.jafra.com/corporate/products/color
Janet,http://janetnails.ro
Jean Mishel,http://www.roya.ru/brands/7/10/
Jenna Hipp,http://www.jennahipp.com/
Jerden,http://jerdencosmetics.ua
Jesse's Girl,https://www.jessesgirlcosmetics.com/product/high-intensity-nail-color/beach-baby-277
Jessica,http://jessicacosmetics.com
Jill Stuart,http://www.jillstuart-beauty.com/en-jp/products/list.php?c=nails
Jindie Nails,http://www.harlowandco.org/collections/jindie-nails
JINsoon; jin soon,https://www.jinsoon.com
Joan Collins,http://joancollinsbeauty.com/all-products/nail-polish.html
Joan Rivers,
Joe Fresh,
JOKO,http://joko.pl/eng/lakier-find-your-color
Jolifin,http://www.jolifin.com
Jordana,http://www.jordanacosmetics.com/c-30-nail-polish.aspx
Joss,http://ellaanncosmetics.bigcartel.com/artist/joss-lacquer
Julep,http://www.julep.com
JulieG; julie g,https://www.jessesgirlcosmetics.com/product/julieg-nail-color-2012/oh-em-gee-338
KA'OIR,http://kaoir.com/south-beach-barbie.php
Kaleidoscope; el corazon,http://elcorazon.ru/page/41
Kallos,http://www.kallos.com/decor-cosmetics-ua/nails-ua-k40.html
Karina Milano,http://vk.com/karina_milano
Karpati,http://www.karpati.com.au/
kate spade New York,https://www.katespade.com/products/live-colorfully-nail-polish-set/6ARU0010.html
KATE Tokyo,http://www.nomorerules.net/all_products/nail.html
KBShimmer,https://www.kbshimmer.com/
KE Specialties,http://www.amazon.com/s?ie=UTF8&field-brandtextbin=KE%20Specialties&page=1&rh=n%3A3375251
Keenwell,http://www.hi2cosmetics.com/shop/index.php?l=product_detail&p=291
Kester Black,http://www.kesterblack.com/shop
KICKS,http://www.kicks.se/kicks-/makeup/naglar/nagellack-c160/nail-lacquer-p26686
Kid Licks,http://kidlicks.com/
KIKI,http://www.kiki-usa.ru/kiki-cat-online.html
KIKO Milano,http://www.kikocosmetics.com/en-gb/make-up/hands/nail-polishes.html
Kinetics,https://www.kineticsnails.com/en/home/
Kit Cosmetics,http://mecca.com.au/kit-cosmetics/
Kitson,
KleanColor,http://www.kleancolor.com
Klik,
Knock Out Cosmetics; KO,http://koknockout.com/
Knocked Up Nails,https://www.knockedupnails.com
Koh,http://store.kohcosmetics.com/nl/koh-colours/
konad,http://www.konad.co.kr/
Korres,http://www.korres.com/default.aspx?page_id=274
Kron 1959,https://www.facebook.com/Kron1959
kure bazaar,http://kurebazaar.com/en/colors.html
L.A. COLORS; la colors; l. a. colors,https://www.lacolors.com/NAILS-_2-4-.htm
"L.A. Girl USA; la girl, l. a. girl; l a girl",https://www.lagirlusa.com/NAILS-_1-4-.htm
L'Apog√©e; l'apogee; lapogee,https://pt-br.facebook.com/Lapogeecosmeticos/
L'Or√©al Paris; l'oreal; loreal,http://www.loreal-paris.com
La Bella Vernice,https://twitter.com/labellavernice
La C C ;La Couleur Couture; la cc,http://www.laccbeauty.com
La Femme,
La Reina,http://vk.com/public30750506
La Ric,http://www.authentica.ru/ru/product/brand/la_ric
Lac Attack,https://www.facebook.com/LacAttacknail/
Lacquerhead polish,https://www.facebook.com/LacquerheadPolish
Lacquester,http://www.lacquester.com
Lacquistry,https://www.etsy.com/ru/shop/Lacquistry
Lady ART,
Lady Rose,http://www.nailelite.ru/
LAKA,http://lakamanicure.com/index.php/products/en
Lakm√©; Lakme,http://www.lakmeindia.com/makeup-catalogue-nails
Lakur: enhanced colour; londontown,http://www.londontownusa.com/shoppe-products/2/lakur--enhanced-colour
LANC√îME; lancome,http://lancome.ru/
LAQA & Co.; laqa&co.,https://www.laqaandco.com/
Laquerlicious,https://www.etsy.com/ru/shop/PolishM
LASplash,http://lasplashcosmetics.com/
Laura Mercier,https://www.lauramercier.com/
Laura Paige ; LP,http://www.laura-paige.co.uk/laura-paige-nail-products_5.html
Lauren B. Beauty,http://www.laurenbbeauty.com/
Lavelle,http://eurotrade-group.ru/products-page/lavelle
Layla,http://laylacosmetics.it/sito15/smalti/
LCN,http://www.lcn-shop.de/
Le M√©tier de Beaut√©; le metier de beaute,http://www.lemetierdebeaute.com/
le polish,http://lepolish.bigcartel.com
Leighton Denny,http://ld-boutique.com/expert-nails/
lemax colour; le max colour,http://lemaxkosmetyki.pl/
Lemming Lacquer,http://www.lemminglacquer.com
LEX,https://www.facebook.com/lexcosmetics/
Lilypad Lacquer,https://lilypadlacquer.com/
Lime Crime,https://www.limecrime.com/nails/
Limoni,http://mylimoni.com/index.php?route=product/category&path=7
Linda Johansen,https://lindajohansen.no/negler-cart-link/
Lioele,http://lioele.com/
Liquid Sky Lacquer,https://www.facebook.com/LiquidSkyLacquer/
Lise Watier,http://www.lisewatier.com/ca_en/makeup/nail-lacquers
Literary Lacquers ,https://www.facebook.com/LiteraryLacquers/
Little BU,http://www.iluvlittlebu.com/
little girl,http://www.bipa.at/little-girl
Live Love Dream,
LM Cosmetic,http://www.lmcosmetic.eu
Lola Barcelona,http://www.lola-barcelona.com/
Lollipops Paris,http://www.lollipopsparis.fr/en/make-up/make-up-hands.html
look by bipa,http://www.bipa.at/look-by-bipa/look-by-bipa-nail-quickie-nail-polish/B3-645939.html
Love Angeline,http://www.loveangeline.com
Love Easy,
Love My Nails; Bari Cosmetics,
Love Thy Polish,https://www.facebook.com/lovethypolishRD/
"love, charlotte xo ; charlotte russe ; love charlotte xo",
Lovely,http://www.lovelymakeup.pl
LUASHINE,http://www.laushine.en.alibaba.com/
Ludurana,http://www.ludurana.com.br
Lumene,http://www.lumene.com/ru/lak-dlya-nogtey
LUMI Cosm√©ticos; lumi cosmeticos,https://www.lumicosmeticos.com.br/produtos/lumi-esmaltes
Lumina Lacquer,https://www.facebook.com/luminalacquer
Lunasol,http://lunasol-net.com/en/product/pointmake/nails.html
Lux Visage; –ª—é–∫—Å –≤–∏–∑–∞–∂,http://www.luxvisage.by
LVX,https://shoplvx.com
Lynnderella,https://www.facebook.com/LoveLynnderella1/
M¬∑A¬∑C,https://www.maccosmetics.com/products/13855/Products/Makeup/Nails/Lacquer
Magrav; –º–∞–≥—Ä–∞–≤,http://magrav.ru
Maisie Shine,https://www.facebook.com/MaisieShine/
Majolica Majorca,http://www.majolica-majorca.com
Make Up For Ever,www.makeupforever.com
Make Up Store,http://www.makeupstore.se
ManGlaze,http://manglaze.com
Manhattan,http://www.manhattan.de/produkte/nails
Manic Panic,http://manicpanic.com
Marbles for polish,https://marblesforpolish.wordpress.com
Marc Jacobs,http://www.marcjacobs.com/beauty/nails/
Mary Jo Matsumoto,
Mary Kay,http://www.marykay.com/en-US/_layouts/MaryKayCoreCatalog/CategoryPage.aspx?dsNav=N:10637
Mary Quant,http://mq.maryquant.co.uk/cosmetics/makeup/nail/polish/
Masura,http://masura.ru
Matt√©se Elite; mattese elite; me,
MAVALA,http://www.mavala.com
"Max Factor
",http://maxfactor-international.com/country-selector
Maybelline ; Gemey Maybelline ; MNY ; New York ; Colorama ; Color Show,http://www.maybelline.com/Products/nail-makeup/nail-color.aspx
MckfreshNailAttire; mckf resh,https://www.facebook.com/MckfreshNailAttire/
Mecca Cosmetica,http://mecca.com.au/mecca-cosmetica/artistry-nail-polish/V-018308.html?cgpath=nails-nailpolish#start=1
Megan Miller,https://www.facebook.com/meganmillercollection
Mei Linda,http://www.meilinda.co.th
Mei Mei's Signatures,https://www.facebook.com/Mei-Meis-Signatures-185145091523081/
Melia,http://www.meliabeauty.com/nail-polish.html
Mentality,http://mentalitynailpolish.com
Mercedes Benz,http://shop.mercedes-benz.com/mbauk/bc/Collection-Women-Personal-accessories-Cosmetics/CNX-25ec5159-1569-49c5-9c23-de672c25f3e3
Mia Secret,http://miasecretnails.com
Michael Kors,
Michael Marcus,http://www.michaelmarcus.com/Nail-Polish/
MIKI,http://www.mikicosmetics.com/html/products/picknmix/mini_nails.html
Milani,https://milanicosmetics.com/Nails/
Mine,https://www.minelacquer.com
Mini NeKo,https://ru.pinterest.com/miniNeKomtl/
Misa,http://www.misacosmetics.com
Miss Ashleigh,http://missashleigh.com.au
Miss Helen,http://www.deborahgroup.com/en/miss-helen.php
Miss Marion,https://www.facebook.com/Miss-Marion-Nail-Polish-197462630272959/
Miss Selene,http://goldenrose.pl/produkty/paznokcie/lakiery-do-paznokci-/miss-selene-mini-nail-lacquer-29.html
Miss Shop,www.myer.com.au
Missguided,https://www.missguided.co.uk/accessories/beauty/nail-polish-b069b3415151fa7217e870017374de7c
Missha,http://www.missha.net
Misslyn,http://www.misslyn.de/en/naegel/nagellack/
MK,https://www.nailsuperstore.com/nail-collection/mk-polish/210
Mode,http://www.modecosmetics.com/nails.html
Model City,http://www.modelcitypolish.com
ModelCo,http://www.modelcocosmetics.com/shop/cosmetics/nails/nail-polish
Models Own,https://www.modelsownit.com
Mohda,http://www.mohda.com.br
Monop' Make-up,https://www.monoprix.fr
Monster Polish,https://www.facebook.com/monsterpolishnaillacquer
Moo Moo's Signatures,http://www.moomoosignatures.bigcartel.com
Moonstone Nail Polish,http://www.moonstonenailpolish.com
Moonstone Polish,http://www.moonstonenailpolish.com
More by Demi N ; Oriflame,http://ie.oriflame.com/products/product?code=25088
Morgan Taylor,https://www.morgantaylorlacquer.com
Motives; Loren Ridinger,http://www.motivescosmetics.com/product/motives-nail-lacquer/
Moyra,http://moyrashop.ie/categories.php?cat=8
MUA,http://www.muastore.co.uk/nails
MUD,https://www.facebook.com/MUDMakeup/
My Secret,http://www.mysecret.com.pl/paznokcie
MYALEE LONDON,http://myaleelondon.bigcartel.com
Nabi,http://nabicosmetic.com/nail/nail.htm
Naga,https://www.facebook.com/NagaNailFanpage
Nail Hoot,https://www.facebook.com/NailHoot/
Nail Nation 3000,http://nailnation3000.storenvy.com
Nail Pattern Boldness,http://www.nailpatternboldness.com
Nail Rock,http://www.rockbeautylondon.com
Naild'it,https://www.facebook.com/Naildit-Unique-Nail-Polish-247144918722685/
Nailery,http://nailery.com.au/nailery-nail-polish.html?page=all
NailLook,naillook.uk.com
NailNation 3000,https://www.facebook.com/NailNation3000/
Nails inc.; nailsinc,https://www.nailsinc.com/products/
Nailtini,https://www.tinibeauty.com
Naked Manicure; NM,http://nakedmanicure.com
Nanacoco,http://www.nanacocoinc.com/index.php/nail-polish-collections/
Nano Professional; NP,http://nano-prof.ru/catalog/laki/dekorativnye_laki/
NARS,http://www.narscosmetics.com/USA/nails
Nat Robbins,https://www.stoversliquidation.com/nat-robbins-cosmetics-nail-polish-3-pk/
Nati; Passe Nati,http://www.naticosmetica.com.br/esmaltes/
Natio,https://www.natio.com.au/products/makeup-nails
Natural First,http://www.nfcosmetics.com
Naturistics,
Nayll,http://nayll.com
NCLA Los Angeles,http://www.shopncla.com
Nee Make Up,http://www.neemakeup.it/products/nails/
New CID Cosmetics,http://www.newcidcosmetics.com
New Look,http://www.newlook.com/shop/womens/_/N-cm2?Ntt=nail+polish&filtered=1
New York Color ;NYC ,http://www.newyorkcolor.com/us/makeup/nail-polish-color
Nfu.Oh; nfu oh,http://nfuoh.co.uk
nicka k ; NK,http://www.nicka.com/nail/nail-polish
Nicole by OPI,http://www.nicolebyopi.com
Nina,https://s-media-cache-ak0.pinimg.com/236x/3d/b3/46/3db346198179cb3392640de4bc846b32.jpg
Nine Zero,http://www.ninezerolacquer.com
Ninelle,http://www.ninelle.ru/catalogue/laki.17.html
Ninja Polish,https://www.facebook.com/NinjaPolish
No Miss,http://www.nomiss.com/products.php?cat=1
‚Ññ7; no 7; no7,https://www.facebook.com/No7/
Nocib√©; nocibe,http://www.nocibe.fr/vernis_10452_3.l.html
Nogotok,http://nogotok.ua/catalog/
Nordstrom,shop.nordstrom.com
Nouba,http://www.nouba.it/en/catalogo/nail-polish
Novelty Cosmetics,http://novelty-opt.ru/novelty_cosmetics/index.html
Nox Twilight,http://twilightbeauty.com
Nubar,http://www.bynubar.com
Nvr Enuff,https://www.facebook.com/Nvr-Enuff-Polish-354108191463371/
NX; Nail Express,https://www.facebook.com/NX-493652937353353/
Nykaa,http://www.nykaa.com/makeup/nails.html?root=nav_2&dir=desc&order=popularity
NYX,http://www.nyxcosmetics.com/nails
O Botic√°rio; o boticario; make b.,http://www.boticario.com.br/feminino/maquiagem-e-esmalte/esmaltes/
Obsessive Compulsive Cosmetics ; occ,http://occmakeup.com
Octopus Party Nail Lacquer,https://www.facebook.com/OctopusPartyNL
Odri,http://kosmo.ua/ua/blogger/0/0/50/
Oil of Olay,
Om She Aromatherapy,http://sheaustralia.com.au/index.php?cPath=3_11
OMG Oh My Girl; oh my golly,http://omgnailpolish.com/colors/
One,"http://www.delia.pl/en/products/nails/ad/nail-enamels,40/one-emalia,57"
One Direction,https://www.facebook.com/MakeupbyOneDirection/
Ooh La Lacquer,https://www.facebook.com/OohLaLacquer/
Oopsie Daisies,https://www.facebook.com/OopsieDaisiesNailPolish
OPI,opi.com
Organic Glam; OG,http://theorganicpharmacy.com/organicglam-makeup/nails/nail-polish
Oriflame Sweeden,http://ie.oriflame.com/makeup/nails/nail-polish
Orlane Paris,http://www.orlane.fr
Orlena,
ORLY,http://www.orlybeauty.com
Oscar de la Renta,http://www.oscardelarenta.com/fragrance-beauty/nail
Ozotic,http://www.ozotic.com.au
p2,http://en.p2cosmetics.com/products/nails/#nail-polish
pa,http://www.dear-laura.com/jp/pa/index.html
Pahlish,https://www.facebook.com/Pahlish
Painted Polish,http://www.paintedpolish.com
Pamela Grant,http://www.pamelagrant.cl/index.php/maquillaje/unas/esmaltes
Pantone Universe,http://www.sephora.com/sephora-pantone-universe?searchTerm=Pantone%20Universe&node=1050032
Paris Glow,http://www.parisglownails.com
Paris Memories,
Parrot Polish,http://www.parrotpolish.com
Patricia,http://www.nailtech.com/patricia/
Paul & Joe; Paul and Joe,https://www.paulandjoe-beaute.hk/productdetails.aspx?prod_cate_id=5&prod_master_id=167
Peggy Sage Paris,https://www.peggysage.com/en/produits/coup-de-coeur/3562
Peita's Polish,http://peitaspolish.bigcartel.com
Pen√©lope Luz; penelope luz,http://www.penelopeluz.com.br
Perfect Chic,http://www.chic.co.il/web/8888/nsf/sbs.py?&_ID=17848&did=2437&G=17848&title=Nail%20Color_UserReference=D46CC69C735AD81C56CC45EB
Peripera,www.peripera.co.kr
Personi,http://personicosmetics.in/products-list.php?catid=15
Petal Polish,https://www.facebook.com/petalpolish/
Petites,http://www.walmart.com/ip/Petites-Tahitian-Green-473-Nail-Polish/14312771?u1=7d5cbb49f5734d10965551b4df1b7c03&oid=183959.1&wmlspartner=Hy3bqNL2jtQ&sourceid=08213407192744871595&affillinktype=10&veh=aff
Philly loves Lacquer,https://phillyloveslacquer.com
Physicians Formula,https://www.instagram.com/physiciansformula/
piCture pOlish,https://www.picturepolish.com.au
Pieces,http://pieces.com
Piggy Paint,http://www.piggypaint.com
Piggy Polish,https://www.piggypolish.com
Pink Up,http://www.podrygka.ru/catalog/?brand=860
Pipe dream polish,http://www.pipedreampolish.com
Pixel,https://www.etsy.com/shop/pixelpolish
pixi,http://www.pixibeauty.com/nails
Platinum Collection,http://platinum-laki.ru
Playlist Polish,https://www.etsy.com/shop/PlaylistPolish
Pleats Please; Issey Miyake,
Poetry Cowgirl Nail Polish,http://www.poetrycowgirlnailpolish.com/
Polish 'M; polish m,http://www.polishm.com/
Polish & Co.,http://polishandcompany.com
Polish Me Silly,https://www.facebook.com/polishmesilly/
Polish Me To Go,http://polishmetogo.bigcartel.com
Polish My Life,http://www.polishmylife.com
Polished by KPT,http://www.polishedbykpt.com
Pomegranate,http://www.pomegranatelacquer.com
POMP√ñ√ñS; pompoos,http://www.haraldgloeoecklershop.de/detail/index/sArticle/1191
pop beauty,http://www.popbeauty.co.uk
Posh√©; Poshe,http://www.poshe.com
Powder Perfect,http://www.powderperfect.com.au
Pr√©cision ; precision,http://www.precisionnaillacquer.com
Pretty & Polished,http://www.shopprettyandpolished.com
Pretty Jelly,https://www.facebook.com/PrettyJellyNailPolish/
Pretty Please,https://www.prettypleasenailpolish.com/
Pretty Serious,http://www.pretty-serious.com/collections/nails
Prettypots,https://www.instagram.com/prettypotspolish/
Prevail,
Princessa,http://www.ebay.com/sch/Princessa-Nail-Polish/11873/bn_222933/i.html/?_ul=EC
priti nyc,http://www.pritinyc.com
Pro 10,
Pronails ; PN,http://pronails.com
PS...; Primark,"https://www.primark.com/en/product/matte-nail-polish-in-nude,R35397119062650"
Pupa Milano,https://www.pupa.it/eng/nails/
Puppy Paint; Piggy Paint,http://www.piggypaint.com/shop/puppy-paint/
Pure,http://www.purenaillacquer.com
Pure Ice,http://www.pureicecosmetics.com
Pure Poppet,http://www.purepoppet.com/collections/water-based-nail-polish
Q.R.S; QRS; Quirius,http://www.qrsbeauty.com
"quem disse, berenice?",http://www.quemdisseberenice.com.br/unhas/esmalte
Quimica Alemana,http://www.quimicaalemana.com/en/
Quo by Orly,
Rainbow Honey ; RH,http://www.rainbowhoney.com
Rare Nails,http://rarenails.es
Real Gold Inc.,http://www.realgoldinc.com/Vinyl
Realce ; Dailus,http://www.esmalterealce.com.br/index.php#
Rebecca Stella,https://rebeccastella.com/makeuplookbook
Red Carpet Manicure,http://www.redcarpetmanicure.com
Red Carpet Queen,http://www.redcarpetqueen.com
redEarth; red earth,http://redearthaustralia.com/product/nail-colour/
Relouis,http://relouis.by/index.pl?act=SUBJ&subj=lak+dlya+nogtej&section=kosmetika+dlya+nogtej
Resque Beauty Launge,https://www.facebook.com/RescueBeauty/
Revelique,http://www.revelique.com/en/category/nails/5
Revlon,http://www.revlon.com/products/nails/nail-color
Revolline,http://www.revolline.ru/enamel.php
RGB,http://www.rgbcosmetics.com
Rimmel London,http://uk.rimmellondon.com/products/nails
Rio,http://platinum-laki.ru/?page=catalog&pid=593
Risqu√©; resque,http://www.risque.com.br/cores.php
Rivka,http://rivkacosmeticos.com.br/home.html
RMK,http://www.rmkrmk.com/global/products/makeup/nails/
Rococo,http://www.ebay.co.uk/bhp/rococo-nail
Roya; –†–æ—è,http://www.roya.ru/brands/3/10/
Ruby Kisses,http://m.rubykissescosmetics.com/nail.html
Ruby Rose,http://www.rubyrose-bg.com/html/Chervila%20i%20lak/Chervila%20i%20lak.htm
Ruby White Tips,http://www.rubywhitetips.com
Ruby Wing,http://rubywing.com
Ruffian,http://www.ruffian.com/index.php?page=categoryproducts&storeid=25&categoryID=1147&subcatID=&subsubcatID=
ruNail,https://runail-shop.ru/laki.html
S.he Makeup; she makeup; makeupshe,http://www.makeupshe.com/index.php?route=product/product&product_id=50
Saint Davia,http://www.saintdaviacosmetics.com
Saint Germain Paris,http://www.saintgermainmakeup.com/6-nails
Saint Laurent Paris ;YSL; Yves saint laurent,https://secure.ysl.com/countries/index
Sally Girl,www.sallybeauty.com/nail-polish
Sally Hansen,http://www.sallyhansen.com/nails/nail-color
Salon Perfect ; SP,http://www.salonperfect.com/Products/Nails/Collections/index.html
Salvador Dali ; Cofci,
Sancion Angel,
Sans Soucis,
Santa Barbara Polo & Racquet Club,
Sante,http://www.sante.de/en/produkte/dekorative-kosmetik/fuer-die-naegel/nagellacke/
Santee,http://www.santeecosmetic.com/nail_polish
Sarah Aghili,http://www.sarahaghili.com/collections/nail-polish
sasatinnie,http://www.sasatinnie.com/en/product.php#type=15
Sassy Pants Polish,http://sassypantspolish.com
Sassy Polish,https://www.facebook.com/Sassy-Polish-Scrubs-229586620575915/
Satin,http://satincosmetics.com.au/index.php/nails.html?SID=4k93ma60c14v0fmoio6pbnri25
Sation,https://www.facebook.com/MissProfessionalNail
Savina,http://savinanails.com/
Savvy Naturalista,http://savvynaturalista.com/collections/nail-polish
Savvy; Femme Couture,
Say It With Polish,http://www.sayitwithpolish.com.au
Sayuri,http://sayurinaillacquer.com
Scofflaw,https://www.facebook.com/ScofflawVarnish/
Scotch Naturals,http://www.scotchnaturals.com
Sea Lore,http://sealore.bigcartel.com
Seche,http://www.seche.com
Sephora,http://www.sephora.com/nails-makeup
Seven & Parker,http://www.sevenandparker.com
Severina; –°–µ–≤–µ—Ä–∏–Ω–∞,http://www.severina-msc.ru/gel-lak.html
Shades Of Phoenix,http://shadesofphoenix.indiemade.com
Shany Cosmetics,http://shanycosmetics.com/nails/nail-polish
Sheswai,http://www.sheswaibeauty.com
shisem,
Shleee polish,https://www.facebook.com/ShleeePolish/
Shop Nonie Creme Colour Prevails,http://colourprevails.com/nails
shu uemura,"http://www.shuuemura-usa.com/product/yaz-nail-color,default,pd.html"
Shu Uemura,"http://www.shuuemura-usa.com/Nails/makeup-nails,default,sc.html"
Silvana; –°–∏–ª—å–≤–∞–Ω–∞,http://www.tdsilvana.ru
Sinful Colors,http://www.sinfulcolors.com
Skinfood,
Sleek MakeUp,http://www.sleekmakeup.com
Slick,https://t.cltradingfl.com/order/beauty-item/cosmetic/slick-xo-nail-polish.html
SLY; „Çπ„É©„Ç§,http://zozo.jp/shop/sheltter/cosmetics-perfume/other-cosmetics/
Smith & Cult,https://www.smithandcult.com
Smitten Polish,http://www.smittenpolish.bigcartel.com
Smokey Mountain Lacquers,http://www.smokeymountainlacquers.com
Smudged,www.etsy.com/ru/shop/SmudgedPolish
Snails,http://www.safe-nails.com
Snowcrystal ,http://www.snowcrystalsweden.com/en/category.asp?id=272
Soign√© Botanique; soigne botanique,http://www.soignenails.com/collections/core-range
Solomeya,http://www.amarylis.ru/brands/solomeya.php
Sonia Kashuk,http://soniakashuk.com/product-category/makeup/nail/
Sonia Rykiel,
Sonnetarium,https://www.facebook.com/Sonnetarium/
Sophin,http://www.sophin-cosmetics.com
SoSu ; Suzanne Jackson,http://www.sosu.ie
Sothys Paris,http://www.sothys.com/en
Soulstice,http://www.soulsticespa.com/collections/nail-polish
Spa Ritual,http://www.sparitual.com/nail-lacquers.html
Sparkles By Julie,https://www.facebook.com/Sp4rklingNails/
Spectrum Cosmetics,https://www.facebook.com/SpectrumCosmetic
Spellbound; liberty republic,http://liberty-republic.myshopify.com/collections/spellbound-nail-lacquer
Spoiled,http://www.ebay.com/bhp/spoiled-nail-polish
Sportsgirl,http://www.sportsgirl.com.au/beauty
Sportsgirl; Nail It!,http://www.sportsgirl.com.au/catalogsearch/result/?q=Nail+it+nail+polish
Springfield Cosmetics,
SquareHue; Hue,http://www.squarehue.com
Squishy Face Polish,https://www.facebook.com/SquishyFacePolish/
Stardust Polish,https://www.etsy.com/shop/StardustBeautyLLC
StarGazer; star gazer,https://www.stargazer-products.com/nail-polish.html
Starrily,http://www.starrily.com
STRANGEBEAUTIFUL; Strange Beautiful,http://strangebeautiful.biz/home.html
Street Wear,http://purplle.com/brand/street-wear
Style Essentials,
Subastus,http://subastus.pik-france.ru/index.php?news=1
Sula,http://www.sulabeauty.com
sumbody,http://www.sumbody.com/shop/makeup/nail-polish/
Suncoat,http://suncoatproducts.com/nail/
Super P√©rola;Super Perola,
Superstar; super star,http://superstarnaillacquer.com/store/
SUQQU,http://www.suqqu.com/global/
SV by Sparkly Vernis,https://www.facebook.com/sparklynails4ever/
Sweet Color,http://www.bornprettystore.com/sweet-color-polish-c-268_106_302.html
Sweet Heart Polish,https://www.etsy.com/shop/SweetHeartPolish
Sweet Heart; fennel,
Sweet Pink,http://www.bornprettystore.com/cute-doll-design-polish-friendly-sweet-color-nail-varnish-polish-colors-p-19301.html
t. leClerc,http://www.t-leclerc.com/fiche-produit.php?docid=588
Takko Lacquer,http://www.takkolacquer.com/
Tammy Taylor; TT,http://www.tammytaylornails.com/Professional/ttown/ttown_2000/09-2000-ttown/09-pg4/04_perfect_nails.htm
Tarina Tarantino,http://tarinatarantino.com/collections/nail-polish
TBN,http://www.colourbytbn.com.au
Teeez,http://www.teeezcosmetics.com/products/nails/lacquer.html/
tenoverten; ten over ten,http://www.tenoverten.com
The Devil Wears Polish,https://www.facebook.com/TheDevilWearsPolish/
the Edge,https://www.edgenails.co.uk
The Face Shop; ÎçîÌéòÏù¥Ïä§ÏÉµ; thefaceshop,www.thefaceshop.com
The Nail Junkie,https://www.facebook.com/TheNailJunkie/
The New Black,http://www.the-new-black.com/products.html
The ONE; Oriflame,http://ie.oriflame.com/makeup/nails/nail-polish
The Polish Bar,https://www.facebook.com/ThePolishBar/
The Polished Hippy,http://www.thepolishedhippy.com
Tillie,https://www.facebook.com/TilliePolish/
Tip Toe,
Tips & Toes; tips and toes,http://www.tipsandtoes.info
tokidoki,
Tom Ford,http://www.tomford.com/women/nails/
Toma,http://www.madbeauty.com
Tony Moly,http://www.etonymoly.com
Too Fancy Lacquer,http://www.toofancylacquer.com
Top Beauty,http://www.topbeauty.com.br
Topshop,http://www.topshop.com/en/tsuk/category/beauty-3326659?geoip=noredirect
Tori Spelling,
Toya-Jade,http://toyajadepolish.weebly.com
Tribal Colours,
Trind,http://www.trind.com
Trosani ,https://www.trosani.de/en_en/uv-polishes-nail-polishes/nail-polish.html
Trust Fund Beauty,http://trustfundbeauty.com
Tuff Scent,https://twitter.com/tuffscent
Turtle Tootsie Polish,http://www.turtletootsiepolishes.com/
Ulta,http://www.ulta.com
Ulta3,http://ulta3.com.au/polish.html
UNE,http://www.unebeauty.com/en/
Unforgettable Moments,
UNT ; Untitled,http://www.shopunt.com/eng/nail/nail-lacquer-collection/C/17
UO; Urban Outfitters,http://www.urbanoutfitters.com/urban/catalog/category.jsp?id=W_BEAUTY_NAIL#/
Up Colors,
Urban Decay,http://www.urbandecay.com
uslu airlines,http://usluairlines.com
Vapour,http://www.vapourbeauty.com
Venique,http://veniquenails.com
Vera Advanced,http://vk.com/club52917492
Verity,
Very Me; veryme; Oriflame,http://ie.oriflame.com/products/product?code=32163
Victoria Shu,http://www.victoria-shu.ru/catalogue/laki.100.html
Victoria's Secret,www.victoriassecret.com/
Virago Varnish,http://www.viragovarnish.com
Viva la Diva,http://vivaladiva.se/product-category/nails/nail-polish/
Vivienne Sabo ; Nail Atelier,http://viviennesabo.com/products/c_4/s_17/
Vogue Fantastic,https://www.facebook.com/Vogue-Cosm√©ticos-Pagina-Oficial-FB-328831710571892/
VOV; it girl's; nail cone; salon de nail; Super lasting gel nail,http://www.myvov.com/product/list.jsp?tid2=05&tid3=01
W.I.C by Her√¥me; wic by herome; w.i.c. by herome,http://store.herome.com/en/nagellak/WIC-limited-editions/
W7,http://www.w7cosmetics.co.uk/nails/gel-nail-polish/
Wet n Wild Los Angeles,http://www.wetnwildbeauty.com/nails.html
Wing Dust,https://www.facebook.com/WingDustCollections/
Winmax,
Women's Secret,http://womensecret.com/en/shop/products/nail-polish-8080658
XO,https://t.cltradingfl.com/order/beauty-item/cosmetic/slick-xo-nail-polish.html
Yes Love,
Yllozure Paris,http://yllocosm.ru/page/6/sector/22
Yolizul Fashion; YZ,http://www.rutalia.net/empresa/ING/yolizul-fashion.html
Yves Rocher,http://www.yves-rocher.fr/maquillage/ongles/vernis-a-ongles/c/27100
Za,http://www.za.24zhuang.com/za_info/118-1.htm
Zinger Cosmetics,http://www.zingerco.ru
Zoya,http://zoya.com
êêíK; bk,http://www.aliexpress.com/w/wholesale-bk-nail-polish.html